mode,num_vertices,costalk_dim,seconds
vary_N,10,1,0.004589000000123633
vary_N,20,1,0.010062350000225706
vary_N,30,1,0.015957049999997253
vary_N,40,1,0.0217897999973502
vary_N,50,1,0.02472730000226875
vary_d,30,1,0.015850650001084432
vary_d,30,2,0.02217680000103428
vary_d,30,3,0.07526159999906668
vary_d,30,4,0.08512520000294899
